"AtcoCode","FerryCode","Name","NameLang","GridType","Easting","Northing","CreationDateTime","ModificationDateTime","RevisionNumber","Modification"
"9300ABA","ABA","Aberdeen Ferry Terminal","","U",394550,805994,"2005-10-11T00:00:00","2006-12-22T10:10:40",1,"rev"
"9300ABD","ABD","Aberdaron Ferry Landing","","U",217300,326300,"2005-10-11T00:00:00","2006-12-22T10:10:40",1,"rev"
"9300ACH","ACH","Arden - Cameron House Pier","","U",237623,683193,"2010-08-13T16:25:04","2010-08-13T16:25:04",0,"new"
"9300ADG","ADG","Ardrishaig Pier","","U",185401,685393,"2009-05-08T14:49:21","2009-05-08T14:49:21",0,"new"
"9300ADL","ADL","Ardleish Pier","","U",232951,715169,"2010-08-13T16:26:18","2010-08-13T16:26:18",0,"new"
"9300AGN","AGN","St Agnes Isles Of Scilly Ferry Landing","","U",88390,8570,"2005-10-11T00:00:00","2011-02-07T18:48:28",3,"rev"
"9300AHB","AHB","Aird Mhor Barra Ferry Terminal","","U",72123,803817,"2006-01-10T00:00:00","2008-04-25T15:08:52",3,"rev"
"9300ALT","ALT","Altnaharrie Ferry Landing","","U",211545,893076,"2005-10-11T00:00:00","2006-12-22T10:10:40",1,"rev"
"9300ALU","ALU","Ardlui Pier","","U",231789,715566,"2010-08-13T16:26:22","2010-08-13T16:26:22",0,"new"
"9300AMB","AMB","Ambleside Waterhead Ferry Landing","","U",337650,503115,"2005-10-11T00:00:00","2011-03-07T15:28:34",2,"rev"
"9300AMH","AMH","Gigha Ferry Terminal","","U",165344,649003,"2005-10-11T00:00:00","2006-12-22T10:10:40",1,"rev"
"9300ANT","ANT","Place Ferry Landing","","U",185565,32465,"2005-10-11T00:00:00","2006-12-22T10:10:40",1,"rev"
"9300APP","APP","Appledore Ferry Landing","","U",246573,130555,"2005-10-11T00:00:00","2006-12-22T10:10:40",1,"rev"
"9300ARD","ARD","Ardrossan Ferry Terminal","","U",222350,642135,"2005-10-11T00:00:00","2006-12-22T10:10:40",1,"rev"
"9300ARG","ARG","Ardgour Ferry Terminal","","U",201683,763625,"2005-10-11T00:00:00","2006-12-22T10:10:40",1,"rev"
"9300ARI","ARI","Arisaig Ferry Landing","","U",165865,786405,"2005-10-11T00:00:00","2006-12-22T10:10:40",1,"rev"
"9300ARM","ARM","Armadale Ferry Terminal","","U",163979,803802,"2005-10-11T00:00:00","2006-12-22T10:10:40",1,"rev"
"9300ASH","ASH","Ashness Gate Derwentwater Ferry Landing","","U",326902,520390,"2005-10-11T00:00:00","2006-12-22T10:10:40",1,"rev"
"9300AYR","AYR","Ayr Compass Pier","","U",233222,622544,"2006-08-14T08:55:43","2006-12-22T10:10:40",2,"rev"
"9300BAD","BAD","Badluarach Ferry Landing","","U",199632,894808,"2005-10-11T00:00:00","2006-12-22T10:10:40",1,"rev"
"9300BAL","BAL","Balloch Pier","","U",238568,682500,"2010-08-13T16:25:11","2010-08-13T16:25:11",0,"new"
"9300BAN","BAN","Bantham Ferry Landing","","U",266795,43763,"2005-10-11T00:00:00","2006-12-22T10:10:40",1,"rev"
"9300BAR","BAR","Barmouth Ferry Landing","","U",261513,315465,"2005-10-11T00:00:00","2006-12-22T10:10:40",1,"rev"
"9300BAS","BAS","Barrage South Waterbus Stop","","U",318957,172500,"2011-01-31T23:02:30","2011-01-31T23:02:30",0,"new"
"9300BAY","BAY","Barry Waterfront Ferry Terminal","","U",311470,167495,"2008-04-07T11:08:33","2008-04-07T11:08:33",0,"new"
"9300BCC","BCC","Bristol City Centre Ferry Landing","","U",358565,172745,"2006-10-23T09:43:18","2011-01-24T16:06:08",3,"rev"
"9300BCP","BCP","Balloch Castle Pier","","U",238697,682985,"2010-08-13T16:25:08","2010-08-13T16:25:08",0,"new"
"9300BDG","BDG","Bridgwater Ferry Terminal","","U",330695,138665,"2008-04-07T11:09:08","2008-04-07T11:09:08",0,"new"
"9300BDY","BDY","Bawdsey Ferry Landing","","U",633155,237885,"2005-10-11T00:00:00","2011-08-22T17:01:45",2,"rev"
"9300BEL","BEL","Belvedere Ferry Landing","","U",368432,588445,"2011-06-28T14:21:41","2011-06-28T14:21:41",0,"new"
"9300BFD","BFD","Broadford Ferry Terminal","","U",164455,824190,"2007-03-22T11:40:32","2007-03-22T11:40:32",0,"new"
"9300BFN","BFN","Bowness Ferry Nab Ferry Landing","","U",339583,495810,"2007-02-19T09:39:21","2007-02-19T09:39:21",0,"new"
"9300BFR","BFR","Blackfriars Millennium Pier","","U",531556,180804,"2005-10-11T00:00:00","2010-12-06T18:11:21",2,"rev"
"9300BGN","BGN","Barrage North Waterbus Stop","","U",319313,173517,"2011-01-31T23:02:30","2011-01-31T23:02:30",0,"new"
"9300BGP","BGP","Barrier Gardens Pier","","U",541828,179359,"2005-10-11T00:00:00","2010-12-06T18:11:21",1,"rev"
"9300BHH","BHH","Bosham Hoe Ferry Landing","","U",480023,102068,"2005-10-11T00:00:00","2006-12-22T10:10:40",1,"rev"
"9300BHS","BHS","Braehead Shopping Centre Ferry Landing","","U",252319,667304,"2005-10-11T00:00:00","2006-12-22T10:10:40",1,"rev"
"9300BID","BID","Bideford Ferry Landing","","U",245500,126690,"2005-10-11T00:00:00","2006-12-22T10:10:40",1,"rev"
"9300BLM","BLM","Blairmore Pier Ferry Terminal","","U",219536,681737,"2006-08-14T08:56:12","2006-12-22T10:10:40",2,"rev"
"9300BLS","BLS","Brightlingsea Ferry Landing","","U",608575,216185,"2005-10-11T00:00:00","2006-12-22T10:10:40",1,"rev"
"9300BLV","BLV","Balloch Village Ferry Landing","","U",239065,681958,"2011-06-14T14:11:33","2011-06-14T14:11:33",0,"new"
"9300BLW","ALU","Broomielaw Quay Ferry Terminal","","U",258446,664902,"2010-08-16T15:18:15","2010-08-16T15:18:15",0,"new"
"9300BMH","BMH","Balmaha Pier","","U",241547,690793,"2010-08-13T16:25:15","2010-08-13T16:25:15",0,"new"
"9300BMT","BMT","Belmont (Unst Shetland) Ferry Terminal","","U",456539,1200433,"2005-10-11T00:00:00","2008-06-03T18:19:24",3,"rev"
"9300BNY","BNY","Berneray Ferry Terminal","","U",91523,879860,"2005-10-11T00:00:00","2006-12-22T10:10:40",1,"rev"
"9300BOC","BOC","Burnham on Crouch Ferry Landing","","U",595214,195489,"2005-10-11T00:00:00","2006-12-22T10:10:40",1,"rev"
"9300BOD","BOD","Bodinnick Ferry Landing","","U",212950,52177,"2005-10-11T00:00:00","2006-12-22T10:10:40",1,"rev"
"9300BOE","BOE","Bowness on Windermere Ferry Terminal","","U",340075,496780,"2005-10-11T00:00:00","2007-02-19T09:39:36",2,"rev"
"9300BOW","BOW","Far Sawrey Windermere Ferry Terminal","","U",339078,495693,"2005-10-11T00:00:00","2006-12-22T10:10:40",1,"rev"
"9300BRA","BRA","Bristol Bridge Ferry Landing","","U",358999,172932,"2006-07-28T14:06:59","2006-12-22T10:10:40",1,"rev"
"9300BRB","BRB","Brodick Isle of Arran Ferry Terminal","","U",202229,635971,"2005-10-11T00:00:00","2006-12-22T10:10:40",2,"rev"
"9300BRC","BRC","Castle Park Ferry Landing","","U",359185,173055,"2006-07-28T14:06:40","2006-12-22T10:10:40",1,"rev"
"9300BRD","BRD","Bristol Marina Ferry Landing","","U",357534,172357,"2006-07-28T14:09:36","2006-12-22T10:10:40",1,"rev"
"9300BRE","BRE","The Cottage Ferry Landing","","U",357263,172164,"2006-07-28T14:10:40","2006-12-22T10:10:40",1,"rev"
"9300BRF","BRF","Millennium Square Ferry Landing","","U",358471,172354,"2006-07-28T14:08:22","2006-12-22T10:10:40",1,"rev"
"9300BRG","BRG","ss Great Britain Ferry Landing","","U",357896,172407,"2006-07-28T14:08:59","2006-12-22T10:10:40",1,"rev"
"9300BRH","BRH","Mardyke Ferry Landing","","U",357488,172426,"2006-07-28T14:09:18","2006-12-22T10:10:40",1,"rev"
"9300BRK","BRK","Birkenhead Ferry Terminal","","U",332416,390000,"2005-10-11T00:00:00","2008-11-17T19:24:49",2,"rev"
"9300BRL","BRL","Pumphouse Ferry Landing","","U",357208,172303,"2006-07-28T14:09:54","2006-12-22T10:10:40",1,"rev"
"9300BRM","BRM","Temple Bridge (Bristol) Ferry Landing","","U",359522,172780,"2006-07-28T14:06:12","2010-12-16T16:28:19",2,"rev"
"9300BRN","BRN","Nova Scotia Ferry Landing","","U",357149,172221,"2006-07-28T14:10:17","2006-12-22T10:10:40",1,"rev"
"9300BRP","BRP","Prince Street Bridge Ferry Landing","","U",358610,172317,"2006-07-28T14:08:03","2006-12-22T10:10:40",1,"rev"
"9300BRQ","BRQ","Capricorn Quay Ferry Landing","","U",357815,172520,"2006-07-28T14:08:40","2006-12-22T10:10:40",1,"rev"
"9300BRR","BRR","Redcliffe Back Ferry Landing","","U",358986,172742,"2006-07-28T14:07:43","2006-12-22T10:10:40",1,"rev"
"9300BRS","BRS","Bristol Docks Ferry Landing","","U",351215,178625,"2005-10-11T00:00:00","2006-12-22T10:10:40",1,"rev"
"9300BRT","BRT","Temple Meads Station Ferry Landing","","U",359699,172663,"2006-07-28T14:05:53","2006-12-22T10:10:40",1,"rev"
"9300BRW","BRW","Welsh Back Ferry Landing","","U",358940,172811,"2006-07-28T14:07:23","2006-12-22T10:10:40",1,"rev"
"9300BRX","BRX","Brixham Ferry Landing","","U",292605,56372,"2005-10-11T00:00:00","2006-12-22T10:10:40",1,"rev"
"9300BRY","BRY","Bryher Isles Of Scilly Ferry Landing","","U",88085,15050,"2005-10-11T00:00:00","2006-12-22T10:10:40",2,"rev"
"9300BSE","BSE","Cadogan Pier","","U",527409,177627,"2005-10-11T00:00:00","2010-12-06T18:11:21",1,"rev"
"9300BSI","BSI","Brownsea Island Ferry Landing","","U",403180,87671,"2005-10-11T00:00:00","2006-12-22T10:10:40",1,"rev"
"9300BWC","BWC","Burwick Sth Ronaldsay Orkney Ferry Terminal","","U",343785,983951,"2005-10-11T00:00:00","2006-12-22T10:10:40",2,"rev"
"9300BWD","BWD","Brantwood (Coniston) Ferry Landing","","U",331099,495802,"2010-07-19T13:13:11","2010-07-19T13:13:11",0,"new"
"9300BXM","BXM","Brixham Harbour Boarding Stage","","U",292667,56409,"2008-08-22T09:08:53","2008-08-22T09:08:53",0,"new"
"9300BYI","BYI","Bardsey Island Ferry Landing","","U",211617,320984,"2005-10-11T00:00:00","2006-12-22T10:10:40",1,"rev"
"9300CAM","CAM","Camusnagaul Ferry Landing","","U",209496,775069,"2005-10-11T00:00:00","2006-12-22T10:10:40",1,"rev"
"9300CAN","CAN","Canna Ferry Terminal","","U",127840,805085,"2005-10-11T00:00:00","2006-12-22T10:10:40",1,"rev"
"9300CAS","CAS","Cardiff Castle Waterbus Stop","","U",317759,176532,"2011-01-31T23:02:30","2011-01-31T23:02:30",0,"new"
"9300CAW","CAW","Canary Wharf Pier","","U",536926,180371,"2005-10-11T00:00:00","2010-12-06T18:11:21",2,"rev"
"9300CBA","CBA","Castlebay Barra Ferry Terminal","","U",66484,798144,"2005-10-11T00:00:00","2008-04-14T17:32:43",3,"rev"
"9300CDF","CDF","Cardiff - Britannia Quay","","U",319465,174390,"2008-04-07T11:09:38","2010-10-04T11:52:36",1,"rev"
"9300CDI","CDI","Caldey Island Ferry Landing","","U",213692,196928,"2005-10-11T00:00:00","2008-04-25T15:09:07",2,"rev"
"9300CHH","CHH","Mudeford Quay Ferry Landing","","U",418308,91611,"2005-10-11T00:00:00","2007-11-09T07:56:15",2,"rev"
"9300CHP","CHP","Chelsea Harbour Pier","","U",526475,176590,"2005-10-11T00:00:00","2010-12-06T18:11:21",1,"rev"
"9300CJU","CJU","Craighouse (Jura) Ferry Terminal","","U",152760,667143,"2008-06-16T10:58:29","2008-06-16T10:58:29",0,"new"
"9300CLA","CLA","Clarence Embankment Waterbus Stop","","U",318572,174569,"2011-01-31T23:02:30","2011-01-31T23:02:30",0,"new"
"9300CLB","CLB","Claonaig Ferry Terminal","","U",187487,656055,"2005-10-11T00:00:00","2006-12-22T10:10:40",1,"rev"
"9300CLV","CLV","Clevedon Pier","","U",339960,171995,"2008-04-07T11:10:06","2008-04-07T11:10:06",0,"new"
"9300CNU","CNU","Craignure Mull Ferry Terminal","","U",171817,737118,"2005-10-11T00:00:00","2006-12-22T10:10:40",2,"rev"
"9300COC","COC","Cockleridge Ham Ferry Landing","","U",266578,44035,"2005-10-11T00:00:00","2006-12-22T10:10:40",1,"rev"
"9300COF","COF","East Cowes Floating Bridge","","U",450141,95545,"2005-10-11T00:00:00","2006-11-06T08:35:36",1,"rev"
"9300COH","COH","West Cowes Ferry Terminal ","","U",449700,96105,"2007-09-24T16:34:44","2007-09-24T16:34:44",0,"new"
"9300COL","COL","Coll Ferry Terminal","","U",122535,756180,"2005-10-11T00:00:00","2006-12-22T10:10:40",1,"rev"
"9300COM","COM","West Cowes Floating Bridge","","U",450005,95623,"2005-10-11T00:00:00","2006-12-22T10:10:40",1,"rev"
"9300CON","CON","Coniston Ferry Landing","","U",330810,497000,"2005-10-11T00:00:00","2006-12-22T10:10:40",1,"rev"
"9300COT","COT","Colintraive Ferry Terminal","","U",203110,674522,"2005-10-11T00:00:00","2006-12-22T10:10:40",1,"rev"
"9300COW","COW","East Cowes Ferry Terminal","","U",450174,95742,"2005-10-11T00:00:00","2007-09-24T16:37:34",3,"rev"
"9300CPB","CPB","Campbeltown Ferry Terminal","","U",172329,620353,"2006-04-21T09:30:58","2006-11-06T08:35:36",1,"rev"
"9300CQU","CQU","Christchurch Quay Ferry Landing","","U",415548,92292,"2005-10-11T00:00:00","2006-12-22T10:10:40",1,"rev"
"9300CRE","CRE","Cremyll Mount Edgcumbe Ferry Landing","","U",245410,53445,"2005-10-11T00:00:00","2006-12-22T10:10:40",1,"rev"
"9300CRN","CRN","Cromarty Ferry Terminal","","U",278590,867703,"2005-10-11T00:00:00","2006-12-22T10:10:40",1,"rev"
"9300CRR","CRR","Nether Lochaber Ferry Terminal","","U",202118,763547,"2005-10-11T00:00:00","2006-12-22T10:10:40",1,"rev"
"9300CSY","CSY","Colonsay Ferry Terminal","","U",139432,694108,"2005-10-11T00:00:00","2006-12-22T10:10:40",1,"rev"
"9300CUM","CUM","Cumbrae Ferry Terminal","","U",218370,658625,"2006-11-06T08:37:10","2006-12-22T10:10:40",1,"rev"
"9300CUN","CUN","North Cuan Seil Ferry Terminal","","U",175360,714285,"2005-10-11T00:00:00","2006-12-22T10:10:40",1,"rev"
"9300CUS","CUS","Custom House Quay","","U",181166,32577,"2011-08-10T16:26:44","2011-08-10T16:26:44",0,"new"
"9300CVW","CVW","Channel View Waterbus Stop","","U",318163,174359,"2011-01-31T23:02:30","2011-01-31T23:02:30",0,"new"
"9300CWR","CWR","Cape Wrath Ferry Landing","","U",237112,966043,"2005-10-11T00:00:00","2006-12-22T10:10:40",1,"rev"
"9300CYN","CYN","Cairnryan Ferry Terminal","","U",207105,567621,"2005-10-11T00:00:00","2007-07-17T09:26:20",2,"rev"
"9300DIT","DIT","Dittisham Ferry Landing","","U",286665,54815,"2005-10-11T00:00:00","2006-12-22T10:10:40",1,"rev"
"9300DNE","DNE","Dartmouth North Embankment Ferry Terminal","","U",287915,51340,"2005-10-11T00:00:00","2010-11-08T17:02:20",3,"rev"
"9300DNU","DNU","Dunoon Ferry Terminal","","U",217675,676459,"2005-10-11T00:00:00","2008-04-14T17:28:19",2,"rev"
"9300DNV","DNV","Dartmouth Naval College Ferry Terminal","","U",287945,51945,"2005-10-11T00:00:00","2010-11-08T17:02:20",3,"rev"
"9300DRM","DRM","Drimnin Ferry Landing","","U",155598,753925,"2005-10-11T00:00:00","2006-12-22T10:10:40",1,"rev"
"9300DTI","DTI","Ditton Island Ferry Landing","","U",516204,167296,"2005-10-11T00:00:00","2006-12-22T10:10:40",1,"rev"
"9300DTM","DTM","Dartmouth South Embankment Ferry Terminal","","U",287857,51070,"2005-10-11T00:00:00","2006-12-22T10:10:40",2,"rev"
"9300DUR","DUR","Durness Keoldale Ferry Landing","","U",237745,966131,"2005-10-11T00:00:00","2006-12-22T10:10:40",1,"rev"
"9300DVE","DVE","Dover Eastern Docks Ferry Terminal","","U",632905,141592,"2008-06-19T08:52:28","2008-06-19T08:52:28",0,"new"
"9300DVP","DVP","Devonport Ferry Terminal","","U",244797,55198,"2005-10-11T00:00:00","2006-12-22T10:10:40",1,"rev"
"9300DVW","DVW","Dover Western Docks Ferry Terminal","","U",632115,140525,"2008-06-19T08:52:28","2008-06-19T08:52:28",0,"new"
"9300EAI","EAI","Easdale Seil Ferry Landing","","U",174138,717233,"2005-10-11T00:00:00","2006-12-22T10:10:40",2,"rev"
"9300EAS","EAS","Easdale Island Ferry Landing","","U",173952,717178,"2005-10-11T00:00:00","2006-12-22T10:10:40",1,"rev"
"9300EDY","EDY","Eday Orkney Ferry Terminal","","U",357354,1030102,"2005-10-11T00:00:00","2008-04-25T15:09:24",3,"rev"
"9300EGI","EGI","Egilsay Orkney Ferry Terminal","","U",346183,1030272,"2005-10-11T00:00:00","2006-12-22T10:10:40",2,"rev"
"9300EIB","EIB","East India Pier","","U",538716,180582,"2010-01-04T15:38:25","2010-01-04T15:38:25",0,"new"
"9300EMB","EMB","Embankment Pier","","U",530471,180390,"2005-10-11T00:00:00","2010-12-06T18:11:21",2,"rev"
"9300ERI","ERI","Eriskay South Uist Ferry Terminal","","U",78427,810289,"2005-10-11T00:00:00","2006-12-22T10:10:40",2,"rev"
"9300EXM","EXM","Exmouth Ferry Landing","","U",299355,80680,"2005-10-11T00:00:00","2010-11-08T17:02:20",2,"rev"
"9300FAG","FAG","Fort Augustus Ferry Landing","","U",237937,809254,"2005-10-11T00:00:00","2006-12-22T10:10:40",1,"rev"
"9300FAI","FAI","Fairlie Ferry Terminal","","U",219694,654358,"2007-03-22T11:40:32","2007-03-22T11:40:32",0,"new"
"9300FAL","FAL","Falmouth Prince of Wales Pier Ferry Landing","","U",180800,33000,"2005-10-11T00:00:00","2007-02-19T09:40:00",2,"rev"
"9300FCQ","FCQ","Fowey Custom House Quay Ferry Landing","","U",212690,52280,"2007-02-19T09:39:07","2007-02-19T09:39:07",0,"new"
"9300FEL","FEL","Fell Foot Country Park Ferry Landing","","U",338101,487224,"2005-10-11T00:00:00","2006-12-22T10:10:40",1,"rev"
"9300FEO","FEO","Feolin Jura Ferry Terminal","","U",144040,669100,"2005-10-11T00:00:00","2006-12-22T10:10:40",2,"rev"
"9300FES","FES","Festival Pier","","U",530763,180320,"2005-10-11T00:00:00","2010-12-06T18:11:21",1,"rev"
"9300FET","FET","Folkestone Eurotunnel Terminal","","U",618440,137662,"2006-07-03T00:00:00","2006-12-22T10:10:40",1,"rev"
"9300FIB","FIB","Fishnish Ferry Terminal","","U",165685,742360,"2005-10-11T00:00:00","2006-12-22T10:10:40",1,"rev"
"9300FIE","FIE","Fair Isle Shetland Ferry Terminal","","U",422524,1072506,"2005-10-11T00:00:00","2006-12-22T10:10:40",2,"rev"
"9300FIO","FIO","Fionnphort Mull Ferry Terminal","","U",129977,723382,"2005-10-11T00:00:00","2006-12-22T10:10:40",2,"rev"
"9300FIS","FIS","Fishguard Ferry Terminal","","U",194613,238234,"2005-10-11T00:00:00","2007-09-24T16:27:15",2,"rev"
"9300FLE","FLE","Fleetwood for Knott End Ferry Landing","","U",334050,448415,"2005-10-11T00:00:00","2006-12-22T10:10:40",2,"rev"
"9300FLH","FLH","Flotta Orkney Ferry Terminal","","U",334975,995063,"2005-10-11T00:00:00","2006-12-22T10:10:40",2,"rev"
"9300FLU","FLU","Flushing Falmouth Ferry Landing","","U",180798,33735,"2005-10-11T00:00:00","2006-12-22T10:10:40",2,"rev"
"9300FOA","FOA","Foula Shetland Ferry Terminal","","U",397421,1138791,"2005-10-11T00:00:00","2006-12-22T10:10:40",2,"rev"
"9300FOY","FOY","Fowey Ferry Landing","","U",212415,51460,"2005-10-11T00:00:00","2006-12-22T10:10:40",1,"rev"
"9300FSB","FSB","Fishbourne IOW Ferry Terminal","","U",455623,92836,"2005-10-11T00:00:00","2008-05-20T09:47:02",3,"rev"
"9300FTQ","FTQ","Fowey Town Quay Ferry Landing","","U",212615,51677,"2006-11-28T14:55:35","2008-10-07T09:26:16",2,"rev"
"9300FWL","FWL","Fort William Ferry Landing","","U",209978,773820,"2005-10-11T00:00:00","2009-07-13T16:22:54",2,"rev"
"9300FXF","FXF","Felixstowe for Bawdsey Ferry Landing","","U",632920,237755,"2005-10-11T00:00:00","2006-12-22T10:10:40",2,"rev"
"9300FXT","FXT","Felixstowe for Harwich Ferry Landing","","U",628282,232020,"2005-10-11T00:00:00","2011-08-22T17:01:45",3,"rev"
"9300GAE","GAE","Graemsay Orkney Ferry Terminal","","U",327148,1005573,"2005-10-11T00:00:00","2006-12-22T10:10:40",2,"rev"
"9300GAL","GAL","Eigg Ferry Terminal","","U",148467,783805,"2005-10-11T00:00:00","2006-12-22T10:10:40",1,"rev"
"9300GCH","GCH","Greenock Custom House Quay Ferry Terminal","","U",228333,676259,"2006-08-14T08:55:08","2006-12-22T10:10:40",2,"rev"
"9300GIL","GIL","Gills Bay Ferry Terminal","","U",332663,972952,"2005-10-11T00:00:00","2008-04-25T15:09:39",2,"rev"
"9300GLC","GLC","Gairloch Ferry Landing","","U",180596,874973,"2011-04-04T13:57:04","2011-04-04T13:57:04",0,"new"
"9300GLE","GLE","Glenelg Isle of Skye Ferry Terminal","","U",179450,821302,"2005-10-11T00:00:00","2006-12-22T10:10:40",2,"rev"
"9300GLP","GLP","Greenland Pier","","U",536662,179139,"2005-10-11T00:00:00","2010-12-06T18:11:21",1,"rev"
"9300GLR","GLR","Glenridding Ullswater Ferry Landing","","U",339034,516920,"2005-10-11T00:00:00","2006-12-22T10:10:40",1,"rev"
"9300GLW","GLW","Glasgow Central Station Bridge Ferry Landing","","U",258724,664856,"2005-10-11T00:00:00","2006-12-22T10:10:40",1,"rev"
"9300GNQ","GNQ","Glasgow Science Centre North Quay","","U",256471,665202,"2006-08-14T08:54:53","2006-11-06T08:35:36",1,"rev"
"9300GNW","GNW","Greenwich Pier","","U",538299,177952,"2005-10-11T00:00:00","2010-12-06T18:11:21",1,"rev"
"9300GOS","GOS","Gosport Ferry Terminal","","U",462263,99845,"2005-10-11T00:00:00","2011-01-19T17:05:07",3,"rev"
"9300GOV","GOV","Govan Ferry Landing","","U",255533,665859,"2011-03-21T11:55:16","2011-03-21T11:55:16",0,"new"
"9300GRE","GRE","Greenway House Ferry Landing","","U",286950,54805,"2005-10-11T00:00:00","2006-12-22T10:10:40",1,"rev"
"9300GUR","GUR","Gourock Ferry Terminal","","U",224394,677764,"2005-10-11T00:00:00","2008-04-14T17:28:49",2,"rev"
"9300GUT","GUT","Gutcher Shetland Ferry Terminal","","U",454937,1199271,"2005-10-11T00:00:00","2008-10-07T09:26:20",3,"rev"
"9300GVH","GVH","Greenock - Victoria Harbour","","U",228573,675813,"2008-06-17T08:39:51","2008-06-17T08:39:51",0,"new"
"9300GVN","GVN","Girvan Harbour Ferry Terminal","","U",218266,598149,"2006-08-14T08:55:59","2006-12-22T10:10:40",2,"rev"
"9300GVS","GVS","Gravesend Pier","","U",564673,174511,"2005-10-11T00:00:00","2005-10-11T00:00:00",0,""
"9300HAM","HAM","Hamble-le-Rice Ferry Landing","","U",448491,106715,"2005-10-11T00:00:00","2010-10-04T11:53:27",4,"rev"
"9300HAN","HAN","Handa Island Ferry Landing","","U",214790,947602,"2005-10-11T00:00:00","2006-12-22T10:10:40",1,"rev"
"9300HCP","HCP","Hampton Court Pier","","U",515447,168514,"2005-10-11T00:00:00","2005-10-11T00:00:00",0,""
"9300HEL","HEL","Helensburgh Ferry Terminal","","U",229470,682140,"2005-10-11T00:00:00","2006-12-22T10:10:40",1,"rev"
"9300HEP","HEP","Helford Passage Ferry Landing","","U",176350,26880,"2005-10-11T00:00:00","2006-12-22T10:10:40",1,"rev"
"9300HIE","HIE","Hayling Island Ferry Landing","","U",468802,100083,"2005-10-11T00:00:00","2010-08-12T16:58:04",2,"rev"
"9300HIG","HIG","High Brandelhow Ferry Landing","","U",325217,519777,"2005-10-11T00:00:00","2007-02-19T09:39:49",2,"rev"
"9300HIW","HIW","Eastney Ferry Landing","","U",468474,100123,"2005-10-11T00:00:00","2010-08-12T16:58:10",2,"rev"
"9300HLF","HLF","Helford Village Ferry Landing","","U",175920,26387,"2005-10-11T00:00:00","2006-12-22T10:10:40",1,"rev"
"9300HLI","HLI","Holy Island Arran Ferry Landing","","U",205128,630974,"2005-10-11T00:00:00","2006-12-22T10:10:40",2,"rev"
"9300HLY","HLY","Holyhead Ferry Terminal","","U",224935,382397,"2005-10-11T00:00:00","2006-12-22T10:10:40",1,"rev"
"9300HMP","HMP","Hampton Ferry Landing","","U",514016,169435,"2010-02-11T15:05:23","2010-02-11T15:05:23",0,"new"
"9300HOO","HOO","Kingswear Hoodown Ferry Terminal","","U",288180,52275,"2005-10-11T00:00:00","2010-11-08T17:02:20",3,"rev"
"9300HOW","HOW","Howtown Ullswater Ferry Landing","","U",344314,519917,"2005-10-11T00:00:00","2006-12-22T10:10:40",2,"rev"
"9300HTN","HTN","Houton Orkney Ferry Terminal","","U",331920,1003927,"2005-10-11T00:00:00","2006-12-22T10:10:40",2,"rev"
"9300HTW","HTW","Harwich International Ferry Terminal","","U",623715,232705,"2005-10-11T00:00:00","2006-12-22T10:10:40",1,"rev"
"9300HUL","HUL","Hull Ferry Terminal","","U",513940,428870,"2005-10-11T00:00:00","2006-12-22T10:10:40",1,"rev"
"9300HUN","HUN","Dunoon Hunters Quay Ferry Terminal","","U",218540,679110,"2005-10-11T00:00:00","2006-12-22T10:10:40",1,"rev"
"9300HVN","HVN","Shell Bay Ferry Terminal","","U",403628,86703,"2005-10-11T00:00:00","2006-12-22T10:10:40",1,"rev"
"9300HWH","HWH","Harwich Harbour Ferry Landing","","U",625915,232860,"2005-10-11T00:00:00","2006-12-22T10:10:40",1,"rev"
"9300HYM","HYM","Heysham Ferry Terminal","","U",340340,460133,"2005-10-11T00:00:00","2009-02-02T09:56:47",3,"rev"
"9300HYT","HYT","Hythe (Hants) Ferry Terminal","","U",442366,108084,"2005-10-11T00:00:00","2008-03-31T16:20:55",3,"rev"
"9300ILF","ILF","Ilfracombe Ferry Landing","","U",252620,147850,"2005-10-11T00:00:00","2006-12-22T10:10:40",1,"rev"
"9300ILN","ILN","Inverness Loch Ness Ferry Landing","","U",259807,837914,"2005-10-11T00:00:00","2006-12-22T10:10:40",2,"rev"
"9300INC","INC","Inchcolm Island Ferry Landing","","U",318990,682729,"2005-10-11T00:00:00","2006-12-22T10:10:40",1,"rev"
"9300INV","INV","Invergordon Port Ferry Terminal","","U",270805,868285,"2005-10-11T00:00:00","2006-12-22T10:10:40",1,"rev"
"9300INW","INW","Instow Ferry Landing","","U",247155,130250,"2005-10-11T00:00:00","2006-12-22T10:10:40",1,"rev"
"9300IOA","IOA","Iona Ferry Terminal","","U",128598,723985,"2005-10-11T00:00:00","2006-12-22T10:10:40",1,"rev"
"9300ITC","ITC","West Itchenor Ferry Landing","","U",479955,101460,"2005-10-11T00:00:00","2006-12-22T10:10:40",1,"rev"
"9300IVB","IVB","Inverbeg Pier","","U",234661,697903,"2010-08-13T16:26:27","2010-08-13T16:26:27",0,"new"
"9300IVE","IVE","Inverie Ferry Landing","","U",176638,799973,"2005-10-11T00:00:00","2006-12-22T10:10:40",1,"rev"
"9300IVS","IVS","Inversnaid Pier","","U",233704,708824,"2010-08-13T16:26:34","2010-08-13T16:26:34",0,"new"
"9300IVU","IVU","Inveruglas Pier","","U",232233,709852,"2010-08-13T16:26:30","2010-08-13T16:26:30",0,"new"
"9300IVY","IVY","Inveraray Ferry Terminal","","U",209794,708577,"2007-03-22T11:40:32","2007-03-22T11:40:32",0,"new"
"9300JOG","JOG","John O’ Groats Ferry Terminal","","U",337982,973417,"2005-10-11T00:00:00","2006-12-22T10:10:40",1,"rev"
"9300KBR","KBR","Kingsbridge Ferry Landing","","U",273595,43875,"2005-10-11T00:00:00","2006-12-22T10:10:40",1,"rev"
"9300KEN","KEN","Kennacraig Ferry Terminal","","U",181805,662540,"2005-10-11T00:00:00","2006-12-22T10:10:40",1,"rev"
"9300KER","KER","Kerrera Ferry Landing","","U",182958,728641,"2005-10-11T00:00:00","2006-12-22T10:10:40",1,"rev"
"9300KES","KES","Keswick Ferry Landing","","U",326370,522684,"2005-10-11T00:00:00","2006-12-22T10:10:40",1,"rev"
"9300KEW","KEW","Kew Pier","","U",519075,177777,"2005-10-11T00:00:00","2010-12-06T18:11:21",2,"rev"
"9300KGH","KGH","Philleigh King Harry Ferry Landing","","U",184305,39573,"2005-10-11T00:00:00","2006-12-22T10:10:40",1,"rev"
"9300KGL","KGL","King's Lynn Ferry Landing","","U",561509,320187,"2005-10-11T00:00:00","2011-03-24T17:37:18",2,"rev"
"9300KGN","KGN","Kilcreggan Ferry Terminal","","U",224145,680450,"2005-10-11T00:00:00","2006-12-22T10:10:40",1,"rev"
"9300KGT","KGT","Kingston Turks Pier","","U",517770,169505,"2005-10-11T00:00:00","2010-07-29T15:01:00",1,"rev"
"9300KIN","KIN","Kingswear Dartmouth Lower Ferry Terminal","","U",288156,51038,"2005-10-11T00:00:00","2006-12-22T10:10:40",2,"rev"
"9300KLB","KLB","Kilchoan Ferry Terminal","","U",149402,762695,"2005-10-11T00:00:00","2006-12-22T10:10:40",1,"rev"
"9300KLH","KLH","Rum Ferry Terminal","","U",140680,799170,"2005-10-11T00:00:00","2006-12-22T10:10:40",1,"rev"
"9300KNO","KNO","Knott End-On-Sea Ferry Landing","","U",334635,448497,"2005-10-11T00:00:00","2006-12-22T10:10:40",1,"rev"
"9300KOL","KOL","Kyle of Lochalsh Ferry Terminal","","U",176274,827109,"2007-03-22T11:40:32","2007-03-22T11:40:32",0,"new"
"9300KRS","KRS","Kinross Ferry Landing","","U",312751,701730,"2008-06-18T08:49:10","2008-06-18T08:49:10",0,"new"
"9300KUT","KUT","Kingston Town End Pier","","U",517758,168740,"2005-10-11T00:00:00","2010-12-06T18:11:21",2,"rev"
"9300KWH","KWH","Kirkwall Orkney Hatston Ferry Terminal","","U",344136,1012938,"2005-10-11T00:00:00","2006-12-22T10:10:40",2,"rev"
"9300KWL","KWL","Kirkwall Orkney Ferry Terminal","","U",344903,1011435,"2005-10-11T00:00:00","2007-09-24T16:31:58",2,"rev"
"9300KWS","KWS","Kirkwall Shapinsay Ferry Terminal","","U",344895,1011305,"2011-07-13T14:16:51","2011-07-13T14:16:51",0,"new"
"9300KYL","KYL","Kylerhea Isle of Skye Ferry Terminal","","U",178915,821183,"2005-10-11T00:00:00","2006-12-22T10:10:40",2,"rev"
"9300LAG","LAG","Laga Ferry Landing","","U",163255,760872,"2005-10-11T00:00:00","2008-04-25T15:10:02",2,"rev"
"9300LAK","LAK","Lakeside Windermere Ferry Landing","","U",337898,487344,"2005-10-11T00:00:00","2006-12-22T10:10:40",2,"rev"
"9300LAM","LAM","Lamlash Arran Ferry Landing","","U",202938,631217,"2005-10-11T00:00:00","2006-12-22T10:10:40",2,"rev"
"9300LAX","LAX","Laxo Shetland Ferry Terminal","","U",445887,1163412,"2005-10-11T00:00:00","2006-12-22T10:10:40",2,"rev"
"9300LBR","LBR","London Bridge City Pier","","U",533018,180368,"2005-10-11T00:00:00","2010-12-06T18:11:21",1,"rev"
"9300LBS","LBS","Lochboisdale South Uist Ferry Terminal","","U",79390,819300,"2005-10-11T00:00:00","2006-12-22T10:10:40",2,"rev"
"9300LCR","LCR","Lochranza Arran Ferry Terminal","","U",192645,650972,"2005-10-11T00:00:00","2006-12-22T10:10:40",2,"rev"
"9300LCS","LCS","Lochleven Castle Ferry Landing","","U",313663,701767,"2008-06-18T08:49:10","2008-07-04T19:51:35",1,"rev"
"9300LCT","LCT","Tarbert (Loch Fyne) Ferry Terminal","","U",187120,668905,"2005-10-11T00:00:00","2010-09-06T16:59:45",3,"rev"
"9300LEV","LEV","Leverburgh Harris Ferry Terminal","","U",101286,886303,"2005-10-11T00:00:00","2008-04-14T17:33:50",3,"rev"
"9300LGH","LGH","Lochgoilhead Ferry Terminal","","U",219969,701098,"2008-06-17T08:39:51","2008-06-17T08:39:51",0,"new"
"9300LGS","LGS","Largs Ferry Terminal","","U",220115,659470,"2005-10-11T00:00:00","2006-12-22T10:10:40",1,"rev"
"9300LHD","LHD","Lerwick Shetland Hays Dock Ferry Terminal","","U",447249,1141881,"2005-10-11T00:00:00","2006-12-22T10:10:40",2,"rev"
"9300LHL","LHL","Lochaline Ferry Terminal","","U",167990,744680,"2005-10-11T00:00:00","2006-12-22T10:10:40",1,"rev"
"9300LHM","LHM","Lerwick Shetland Holmsgarth Ferry Terminal","","U",446859,1142311,"2005-10-11T00:00:00","2006-12-22T10:10:40",2,"rev"
"9300LHP","LHP","Longhope Orkney Ferry Terminal","","U",330352,990950,"2005-10-11T00:00:00","2006-12-22T10:10:40",2,"rev"
"9300LIB","LIB","Liverpool Belfast Ferry Terminal Bootle","","U",333266,394554,"2008-06-19T08:52:28","2008-11-17T19:24:49",1,"rev"
"9300LID","LID","Liverpool Isle of Man & Dublin Terminal","","U",333690,390400,"2008-06-19T08:52:28","2008-06-19T08:52:28",0,"new"
"9300LKB","LKB","Lake Bank (Coniston) Ferry Landing","","U",328984,489980,"2010-07-19T13:12:58","2010-07-19T13:12:58",0,"new"
"9300LMA","LMA","Lochmaddy North Uist Ferry Terminal","","U",91980,868000,"2005-10-11T00:00:00","2006-12-22T10:10:40",2,"rev"
"9300LMR","LMR","Lismore Ferry Terminal","","U",185235,740920,"2005-10-11T00:00:00","2006-12-22T10:10:40",1,"rev"
"9300LNH","LNH","Leith Newhaven Harbour Ferry Landing","","U",325406,677197,"2005-10-11T00:00:00","2006-12-22T10:10:40",1,"rev"
"9300LOD","LOD","Lodore Falls Derwentwater Ferry Landing","","U",326455,519227,"2005-10-11T00:00:00","2006-12-22T10:10:40",1,"rev"
"9300LOW","LOW","Low Brandelhow Derwentwater Ferry Landing","","U",325272,520717,"2005-10-11T00:00:00","2006-12-22T10:10:40",1,"rev"
"9300LPL","LPL","Leaplish Ferry Landing","","U",366044,587895,"2011-06-28T14:21:41","2011-06-28T14:21:41",0,"new"
"9300LRK","LRK","Lerwick Shetland Esplanade Ferry Terminal","","U",447684,1141440,"2005-10-11T00:00:00","2006-12-22T10:10:40",2,"rev"
"9300LUI","LUI","South Cuan Luing Ferry Terminal","","U",175120,714155,"2005-10-11T00:00:00","2006-12-22T10:10:40",2,"rev"
"9300LUN","LUN","Lundy Island Ferry Landing","","U",214259,143819,"2005-10-11T00:00:00","2008-04-25T15:10:20",2,"rev"
"9300LUS","LUS","Luss Pier","","U",236099,693053,"2010-08-13T16:25:19","2010-08-13T16:25:19",0,"new"
"9300LYD","LYD","Lydney Harbour","","U",365095,201395,"2008-04-07T11:10:42","2008-04-07T11:10:42",0,"new"
"9300LYM","LYM","Lymington Pier Ferry Terminal","","U",433320,95410,"2005-10-11T00:00:00","2006-12-22T10:10:40",1,"rev"
"9300LYS","LYS","Lyness Orkney Ferry Terminal","","U",331310,994620,"2005-10-11T00:00:00","2006-12-22T10:10:40",2,"rev"
"9300MAH","MAH","Martins Haven Ferry Landing","","U",176084,209206,"2005-10-11T00:00:00","2006-12-22T10:10:40",1,"rev"
"9300MAR","MAR","St Mary's Isles Of Scilly Ferry Terminal","","U",90265,10950,"2005-10-11T00:00:00","2006-12-22T10:10:40",2,"rev"
"9300MAT","MAT","St Martin's Isles Of Scilly Ferry Landing","","U",93040,15145,"2005-10-11T00:00:00","2006-12-22T10:10:40",2,"rev"
"9300MAW","MAW","St Mawes Ferry Landing","","U",184782,32995,"2005-10-11T00:00:00","2006-12-22T10:10:40",1,"rev"
"9300MBK","MBK","Millbank Millennium Pier","","U",530250,178685,"2006-08-25T11:20:28","2011-02-07T18:47:20",3,"rev"
"9300MBL","MBL","Twickenham - Marble Hill Pk Ferry Landing","","U",517165,173353,"2010-02-11T15:04:00","2010-02-11T15:04:00",0,"new"
"9300MCP","MCP","Gourock McInroy's Point Ferry Terminal","","U",221880,676777,"2005-10-11T00:00:00","2006-12-22T10:10:40",2,"rev"
"9300MEV","MEV","Mevagissey Ferry Landing","","U",201816,44732,"2005-10-11T00:00:00","2006-12-22T10:10:40",1,"rev"
"9300MGK","MGK","Mallaig (for Knoydart) Ferry Terminal","","U",167684,797053,"2010-01-08T14:54:15","2010-01-08T14:54:15",0,"new"
"9300MHT","MHT","Masthouse Terrace Pier","","U",537435,178360,"2006-08-25T11:21:05","2011-01-10T13:42:12",1,"rev"
"9300MHV","MHV","Milford Haven – Dock Entrance","","U",190285,205575,"2008-04-07T11:11:02","2008-04-07T11:11:02",0,"new"
"9300MIL","MIL","North Greenwich Pier","","U",539522,180041,"2007-06-18T11:40:13","2011-06-13T15:56:31",1,"rev"
"9300MIN","MIN","Minehead Harbour","","U",297230,147085,"2008-04-07T11:11:27","2008-04-07T11:11:27",0,"new"
"9300MKC","MKC","Monk Coniston Ferry Landing","","U",331606,497882,"2010-07-19T13:13:17","2010-07-19T13:13:17",0,"new"
"9300MLG","MLG","Mallaig (CalMac) Ferry Terminal","","U",167658,797149,"2005-10-11T00:00:00","2010-01-07T15:53:08",2,"rev"
"9300MMQ","MMQ","Mermaid Quay Waterbus Stop","","U",319130,174425,"2011-01-31T23:02:30","2011-01-31T23:02:30",0,"new"
"9300MOU","MOU","Moulsey - Hurst Park Ferry Landing","","U",513932,169317,"2010-02-11T15:05:48","2010-02-11T15:05:48",0,"new"
"9300MPT","MPT","Millport Pier Ferry Terminal","","U",216080,654721,"2006-08-14T08:56:26","2006-12-22T10:10:40",2,"rev"
"9300MSB","MSB","Hengistbury Head Ferry Landing","","U",418238,91275,"2005-10-11T00:00:00","2007-11-09T07:56:28",2,"rev"
"9300MTN","MTN","Transporter Bridge North Side","","U",450039,521371,"2011-06-09T11:06:34","2011-06-09T11:06:34",0,"new"
"9300MTS","MTS","Transporter Bridge South Side","","U",449945,521217,"2011-06-09T11:06:34","2011-06-09T11:06:34",0,"new"
"9300MYF","MYF","Bressay Shetland Ferry Terminal","","U",448772,1141721,"2005-10-11T00:00:00","2006-12-22T10:10:40",2,"rev"
"9300NCL","NCL","Newcastle International Ferry Terminal","","U",435320,566590,"2005-10-11T00:00:00","2006-12-22T10:10:40",1,"rev"
"9300NDY","NDY","Sanday Orkney Ferry Terminal","","U",360305,1033972,"2005-10-11T00:00:00","2006-12-22T10:10:40",2,"rev"
"9300NEL","NEL","Hilton Docklands Nelson Dock Pier","","U",536623,180234,"2005-10-11T00:00:00","2010-12-06T18:11:21",4,"rev"
"9300NGG","NGG","Nigg Ferry Terminal","","U",279665,868770,"2005-10-11T00:00:00","2006-12-22T10:10:40",1,"rev"
"9300NHV","NHV","Newhaven Harbour Ferry Terminal","","U",544911,100976,"2005-10-11T00:00:00","2008-05-02T17:20:19",2,"rev"
"9300NHY","NHY","North Hoy Orkney Ferry Terminal","","U",324550,1003955,"2005-10-11T00:00:00","2006-12-22T10:10:40",2,"rev"
"9300NIC","NIC","Hawes End Derwentwater Ferry Landing","","U",325135,521296,"2005-10-11T00:00:00","2006-12-22T10:10:40",1,"rev"
"9300NLE","NLE","Nichol End (Derwentwater) Ferry Landing","","U",325472,522867,"2010-07-19T13:10:32","2010-07-19T13:10:32",0,"new"
"9300NMC","NMC","Falmouth Ntl Maritime Museum Ferry Landing","","U",181400,32450,"2005-10-11T00:00:00","2006-12-22T10:10:40",1,"rev"
"9300NOS","NOS","Noss Mayo Ferry Landing","","U",254023,47788,"2005-10-11T00:00:00","2006-12-22T10:10:40",1,"rev"
"9300NPT","NPT","Newport (S Wales) Ferry Terminal","","U",332370,185485,"2008-04-07T11:12:18","2008-04-07T11:12:18",0,"new"
"9300NRO","NRO","North Ronaldsay Orkney Ferry Terminal","","U",375028,1052223,"2005-10-11T00:00:00","2008-04-25T15:10:54",3,"rev"
"9300NSH","NSH","North Shields Ferry Terminal","","U",435630,567840,"2005-10-11T00:00:00","2006-12-22T10:10:40",1,"rev"
"9300NWF","NWF","Newton Ferrers Ferry Landing","","U",253949,47998,"2005-10-11T00:00:00","2006-12-22T10:10:40",1,"rev"
"9300OBA","OBA","Oban Ferry Terminal","","U",185585,729800,"2005-10-11T00:00:00","2006-12-22T10:10:40",1,"rev"
"9300ODD","ODD","Oddsta Shetland Ferry Terminal","","U",458266,1194277,"2005-10-11T00:00:00","2006-12-22T10:10:40",2,"rev"
"9300OKF","OKF","Oban Kerrera Ferry","","U",183467,728286,"2005-10-11T00:00:00","2006-11-06T08:35:36",1,"rev"
"9300ONP","ONP","Oban North Pier Ferry Terminal","","U",185827,730139,"2006-08-14T08:56:40","2006-12-22T10:10:40",2,"rev"
"9300OUT","OUT","Out Skerries Shetland Ferry Terminal","","U",468864,1171630,"2005-10-11T00:00:00","2006-12-22T10:10:40",2,"rev"
"9300PAD","PAD","Padstow Ferry Landing","","U",192022,75565,"2005-10-11T00:00:00","2007-07-24T10:24:20",2,"rev"
"9300PAK","PAK","Port Askaig Islay Ferry Terminal","","U",143140,669235,"2005-10-11T00:00:00","2006-12-22T10:10:40",2,"rev"
"9300PAP","PAP","Port Appin Ferry Terminal","","U",190215,745365,"2005-10-11T00:00:00","2006-12-22T10:10:40",1,"rev"
"9300PAV","PAV","Portavadie Ferry Terminal","","U",192630,669790,"2005-10-11T00:00:00","2006-12-22T10:10:40",1,"rev"
"9300PBA","PBA","Plymouth (Barbican) Landing Stage","","U",248314,53931,"2006-11-28T14:55:54","2010-12-16T16:28:19",3,"rev"
"9300PCL","PCL","Point Clear Ferry Landing","","U",608409,215886,"2005-10-11T00:00:00","2006-12-22T10:10:40",1,"rev"
"9300PED","PED","Pembroke Dock Ferry Terminal","","U",195990,203917,"2005-10-11T00:00:00","2006-12-22T10:10:40",1,"rev"
"9300PEN","PEN","Penzance Ferry Terminal","","U",147822,30108,"2005-10-11T00:00:00","2006-12-22T10:10:40",1,"rev"
"9300PHD","PHD","Liverpool Pier Head Ferry Terminal","","U",333850,390285,"2005-10-11T00:00:00","2008-12-05T17:09:59",2,"rev"
"9300PHY","PHY","Rock Padstow Ferry Landing","","U",192800,75770,"2005-10-11T00:00:00","2011-09-30T14:46:00",3,"rev"
"9300PIE","PIE","Piel Island Ferry Landing","","U",323366,463793,"2010-12-10T15:14:09","2010-12-10T15:14:09",0,"new"
"9300PLN","PLN","Port Ellen Islay Ferry Terminal","","U",136360,645105,"2005-10-11T00:00:00","2006-12-22T10:10:40",2,"rev"
"9300PLQ","PLQ","Plantation Quay Ferry Landing","","U",256693,665185,"2011-04-14T15:08:30","2011-04-14T15:08:30",0,"new"
"9300PLY","PLY","Plymouth Ferry Terminal","","U",246705,53885,"2005-10-11T00:00:00","2006-12-22T10:10:40",1,"rev"
"9300PMB","PMB","Plymouth Mount Batten Ferry Landing","","U",248580,53405,"2006-11-28T14:56:07","2006-12-22T10:10:40",1,"rev"
"9300PMC","PMC","Portsmouth Continental Ferry Terminal","","U",464276,101702,"2008-05-22T09:39:40","2010-04-22T15:55:09",1,"rev"
"9300PMH","PMH","Portsmouth Harbour Station Pier","","U",462877,100086,"2008-05-22T09:40:08","2008-05-22T09:40:08",0,"new"
"9300PMT","PMT","East Portlemouth Ferry Landing","","U",274325,38705,"2005-10-11T00:00:00","2006-12-22T10:10:40",1,"rev"
"9300POC","POC","Portsmouth IOW Car Ferry Terminal","","U",463103,99640,"2005-10-11T00:00:00","2010-08-12T16:59:34",1,"rev"
"9300POL","POL","Polruan Ferry Landing","","U",212568,51068,"2005-10-11T00:00:00","2006-12-22T10:10:40",1,"rev"
"9300PON","PON","Ponsharden Ferry Landing","","U",179585,33980,"2005-10-11T00:00:00","2011-09-30T14:46:00",2,"rev"
"9300POP","POP","Poole Quay Ferry Landing","","U",401125,90250,"2008-06-19T08:52:28","2010-02-10T16:30:41",1,"rev"
"9300POU","POU","Pooley Bridge Ullswater Ferry Landing","","U",346657,524199,"2005-10-11T00:00:00","2006-12-22T10:10:40",2,"rev"
"9300POV","POV","Poole Ferry Terminal","","U",400573,89892,"2008-06-19T08:52:28","2010-02-10T16:31:36",1,"rev"
"9300PPR","PPR","Porth Penrhyn Ferry Landing","","U",261719,315016,"2005-10-11T00:00:00","2006-12-22T10:10:40",1,"rev"
"9300PRA","PRA","Port Ramsay Lismore Ferry Terminal","","U",189435,746125,"2005-10-11T00:00:00","2006-12-22T10:10:40",2,"rev"
"9300PRE","PRE","Portree Ferry Terminal","","U",148462,843368,"2007-03-22T11:40:32","2007-03-22T11:40:32",0,"new"
"9300PST","PST","Papa Stour Shetland Ferry Terminal","","U",418174,1160847,"2005-10-11T00:00:00","2006-12-22T10:10:40",2,"rev"
"9300PTD","PTD","Portishead Pier","","U",347720,177595,"2008-04-07T11:12:58","2008-04-07T11:12:58",0,"new"
"9300PTH","PTH","Penarth Pier","","U",319120,171290,"2008-04-07T11:12:38","2008-04-07T11:12:38",0,"new"
"9300PTM","PTM","Muck Ferry Terminal","","U",142265,779320,"2005-10-11T00:00:00","2006-12-22T10:10:40",1,"rev"
"9300PUT","PUT","Putney Pier","","U",524033,175744,"2005-10-11T00:00:00","2005-10-11T00:00:00",0,""
"9300PWL","PWL","Westray Pierowall Orkney Ferry Terminal","","U",344670,1048995,"2005-10-11T00:00:00","2006-12-22T10:10:40",2,"rev"
"9300PWY","PWY","Papa Westray Orkney Ferry Terminal","","U",349364,1049280,"2005-10-11T00:00:00","2008-06-16T10:56:06",3,"rev"
"9300RAA","RAA","Raasay Ferry Terminal","","U",154518,836321,"2005-10-11T00:00:00","2010-08-12T16:56:33",2,"rev"
"9300RAP","RAP","Rapness Orkney Ferry Terminal","","U",351136,1040553,"2005-10-11T00:00:00","2008-06-16T10:56:06",4,"rev"
"9300RAY","RAY","Rothesay Ferry Terminal","","U",208847,664805,"2005-10-11T00:00:00","2006-12-22T10:10:40",1,"rev"
"9300RDM","RDM","Reedham Ferry North","","U",640747,301507,"2010-11-19T09:36:33","2010-11-19T09:36:33",0,"new"
"9300RFW","RFW","Renfrew Ferry Terminal","","U",251040,668395,"2005-10-11T00:00:00","2006-12-22T10:10:40",1,"rev"
"9300RHM","RHM","Reedham Ferry South","","U",640782,301437,"2005-10-11T00:00:00","2010-11-19T09:43:10",3,"rev"
"9300RHU","RHU","Rhubodach Bute Ferry Terminal","","U",202713,674243,"2005-10-11T00:00:00","2006-12-22T10:10:40",2,"rev"
"9300RLS","RLS","Richmond - Ham House Ferry Landing","","U",517316,173284,"2005-10-11T00:00:00","2010-02-10T16:34:51",1,"rev"
"9300RMG","RMG","Ramsgate Ferry Terminal","","U",637950,164215,"2005-10-11T00:00:00","2006-12-22T10:10:40",1,"rev"
"9300RMY","RMY","Ramsey Island Ferry Landing","","U",170627,223703,"2005-10-11T00:00:00","2006-12-22T10:10:40",1,"rev"
"9300ROA","ROA","Roa Island Ferry Landing","","U",323268,464807,"2010-12-10T15:14:09","2010-12-10T15:14:09",0,"new"
"9300ROU","ROU","Rousay Orkney Ferry Terminal","","U",343655,1027475,"2005-10-11T00:00:00","2006-12-22T10:10:40",2,"rev"
"9300ROW","ROW","Rowardennan Pier","","U",235878,698661,"2010-08-13T16:26:38","2010-08-13T16:26:38",0,"new"
"9300ROY","ROY","Rosyth Ferry Terminal","","U",310397,682087,"2005-10-11T00:00:00","2006-12-22T10:10:40",2,"rev"
"9300RSH","RSH","Richmond St. Helena Pier","","U",517860,174410,"2005-10-11T00:00:00","2010-07-29T15:01:39",2,"rev"
"9300RVM","RVM","Riverside Museum (Glasgow) Ferry Landing","","U",255784,665931,"2011-03-21T11:55:16","2011-03-21T11:55:16",0,"new"
"9300RYD","RYD","Ryde Pier Head Ferry Terminal","","U",459328,93645,"2005-10-11T00:00:00","2006-12-22T10:10:40",1,"rev"
"9300RYH","RYH","Ryde Hoverport","","U",459499,92894,"2005-10-11T00:00:00","2005-10-11T00:00:00",0,""
"9300SBK","SBK","Sunny Bank (Coniston) Ferry Landing","","U",329222,492241,"2010-07-19T13:12:52","2010-07-19T13:12:52",0,"new"
"9300SCG","SCG","Scoraig Ferry Landing","","U",199994,896176,"2005-10-11T00:00:00","2006-12-22T10:10:40",1,"rev"
"9300SCO","SCO","Sconser Isle Of Skye Ferry Terminal","","U",152593,832300,"2005-10-11T00:00:00","2006-12-22T10:10:40",2,"rev"
"9300SCR","SCR","Scrabster Ferry Terminal","","U",310389,970300,"2005-10-11T00:00:00","2008-04-07T11:04:06",2,"rev"
"9300SCY","SCY","Scalloway Shetland Ferry Terminal","","U",440310,1139110,"2006-04-21T09:30:03","2006-12-22T10:10:40",2,"rev"
"9300SDN","SDN","Shaldon Teignmouth Ferry Landing","","U",293570,72240,"2005-10-11T00:00:00","2010-11-08T17:02:20",3,"rev"
"9300SEA","SEA","Seacombe Ferry Terminal","","U",332540,390810,"2005-10-11T00:00:00","2008-11-17T19:24:49",2,"rev"
"9300SHP","SHP","Shepperton Ferry Landing","","U",507464,165978,"2010-02-11T15:04:32","2010-02-11T15:04:32",0,"new"
"9300SHS","SHS","Sharpness Old Docks","","U",366795,203055,"2008-04-07T11:13:28","2008-04-07T11:13:28",0,"new"
"9300SHY","SHY","Shotley Point Marina Ferry Landing","","U",625218,233837,"2005-10-11T00:00:00","2006-12-22T10:10:40",1,"rev"
"9300SKO","SKO","Skomer Island Ferry Landing","","U",173486,209493,"2005-10-11T00:00:00","2006-12-22T10:10:40",1,"rev"
"9300SLC","SLC","Salcombe Ferry Landing","","U",274133,38870,"2005-10-11T00:00:00","2006-12-22T10:10:40",1,"rev"
"9300SMH","SMH","St Margarets Hope Ferry Terminal","","U",344578,994262,"2005-10-11T00:00:00","2006-12-22T10:10:40",1,"rev"
"9300SNS","SNS","Stromness Orkney Ferry Terminal","","U",325605,1009330,"2005-10-11T00:00:00","2006-12-22T10:10:40",2,"rev"
"9300SOP","SOP","Southampton Passenger Ferry Terminal","","U",441921,110714,"2008-06-19T08:52:28","2010-08-12T16:58:16",1,"rev"
"9300SOS","SOS","Southsea Hoverport","","U",463545,98784,"2005-10-11T00:00:00","2008-02-15T09:17:11",1,"rev"
"9300SOV","SOV","Southampton Vehicle Ferry Terminal","","U",441852,110859,"2008-06-19T08:52:28","2008-06-19T08:52:28",0,"new"
"9300SPY","SPY","Shapinsay Orkney Ferry Terminal","","U",347890,1016387,"2005-10-11T00:00:00","2006-12-22T10:10:40",2,"rev"
"9300SQF","SQF","South Queensferry Ferry Landing","","U",313609,678580,"2005-10-11T00:00:00","2008-04-25T15:17:41",2,"rev"
"9300SSD","SSD","South Sands Ferry Landing","","U",272825,37660,"2005-10-11T00:00:00","2010-11-08T17:02:20",2,"rev"
"9300SSH","SSH","South Shields Ferry Terminal","","U",435920,567150,"2005-10-11T00:00:00","2006-12-22T10:10:40",1,"rev"
"9300STA","STA","Starcross Ferry Landing","","U",297860,81790,"2005-10-11T00:00:00","2010-11-08T17:02:20",2,"rev"
"9300STC","STC","St Katharine's Pier","","U",533780,180337,"2005-10-11T00:00:00","2005-10-11T00:00:00",0,""
"9300STF","STF","Staffa Ferry Landing","","U",132610,735114,"2011-01-24T16:05:31","2011-01-24T16:05:31",0,"new"
"9300STJ","STJ","St. Justinian Ferry Landing","","U",172325,225092,"2005-10-11T00:00:00","2006-12-22T10:10:40",1,"rev"
"9300STO","STO","Stornoway Lewis Ferry Terminal","","U",142372,932546,"2005-10-11T00:00:00","2008-04-23T17:51:49",3,"rev"
"9300STR","STR","Stranraer Ferry Terminal","","U",206295,561178,"2009-01-13T11:53:13","2009-01-13T11:53:13",0,"new"
"9300STY","STY","Stronsay Orkney Ferry Terminal","","U",365891,1028578,"2005-10-11T00:00:00","2008-04-25T15:11:54",3,"rev"
"9300SUM","SUM","Grutness Shetland Ferry Terminal","","U",440497,1110136,"2005-10-11T00:00:00","2006-12-22T10:10:40",2,"rev"
"9300SVQ","SVQ","Sovereign Quay Waterbus Stop","","U",319036,174232,"2011-01-31T23:02:30","2011-01-31T23:02:30",0,"new"
"9300SWA","SWA","Swansea Queens Dock Ferry Terminal","","U",266710,192185,"2005-10-11T00:00:00","2006-12-22T10:10:40",2,"rev"
"9300SWD","SWD","Sandbanks Ferry Terminal","","U",403720,87085,"2005-10-11T00:00:00","2006-12-22T10:10:40",1,"rev"
"9300SWK","SWK","Bankside Pier","","U",532206,180546,"2005-10-11T00:00:00","2010-12-06T18:11:21",1,"rev"
"9300SWO","SWO","Southwold Ferry Landing","","U",650080,275060,"2005-10-11T00:00:00","2011-08-22T17:01:45",2,"rev"
"9300SYM","SYM","Whalsay Shetland Ferry Terminal","","U",453731,1162375,"2005-10-11T00:00:00","2006-12-22T10:10:40",2,"rev"
"9300SYP","SYP","Savoy Pier","","U",530570,180552,"2005-10-11T00:00:00","2010-12-06T18:11:21",1,"rev"
"9300TAB","TAB","Tarbert (Harris) Ferry Terminal","","U",115775,899810,"2005-10-11T00:00:00","2010-09-06T16:59:45",3,"rev"
"9300TAF","TAF","Taffs Mead Waterbus Stop","","U",317964,175770,"2011-01-31T23:02:30","2011-01-31T23:02:30",0,"new"
"9300TAR","TAR","Tarbet (Loch Lomond) Pier","","U",232106,704423,"2010-08-16T15:18:10","2010-09-06T16:59:45",1,"rev"
"9300TAV","TAV","Tayvallich (Argyll & Bute) Ferry Terminal","","U",174239,687259,"2008-06-16T10:58:29","2008-06-16T10:58:29",0,"new"
"9300TBP","TBP","Torquay Harbour Boarding Pontoon","","U",291825,63235,"2008-08-22T09:08:53","2008-08-22T09:08:53",0,"new"
"9300TCK","TCK","Trelisick Ferry Landing","","U",184035,39595,"2005-10-11T00:00:00","2006-12-22T10:10:40",1,"rev"
"9300TCO","TCO","Tresco Isles Of Scilly Ferry Landing","","U",89296,13379,"2005-10-11T00:00:00","2008-04-25T15:12:12",3,"rev"
"9300TEN","TEN","Tenby Ferry Landing","","U",213548,200622,"2005-10-11T00:00:00","2008-04-25T15:12:29",2,"rev"
"9300TFL","TFL","Turf Lock Inn Ferry Landing","","U",296480,85870,"2010-12-10T15:16:27","2010-12-10T15:16:27",0,"new"
"9300THM","THM","Topsham Ferry Landing","","U",296395,88125,"2005-10-11T00:00:00","2010-12-10T15:17:26",2,"rev"
"9300TIG","TIG","Tighnabruaich Pier Ferry Terminal","","U",198584,673301,"2006-08-14T08:55:26","2006-12-22T10:10:40",2,"rev"
"9300TIL","TIL","Tilbury Ferry Terminal","","U",564504,175069,"2005-10-11T00:00:00","2008-04-25T15:19:17",2,"rev"
"9300TKN","TKN","Tower Knowe Ferry Landing","","U",369836,586961,"2011-06-28T14:21:41","2011-06-28T14:21:41",0,"new"
"9300TLI","TLI","Topsham Lock Ferry Landing","","U",296256,87972,"2005-10-11T00:00:00","2010-12-10T15:18:22",2,"rev"
"9300TLN","TLN","Tarbet (Loch Nevis) Ferry Landing","","U",179082,792512,"2005-10-11T00:00:00","2010-09-06T16:59:45",2,"rev"
"9300TMP","TMP","Tower Millennium Pier","","U",533408,180513,"2005-10-11T00:00:00","2010-12-06T18:11:21",1,"rev"
"9300TNM","TNM","Teignmouth Ferry Landing","","U",293885,72425,"2005-10-11T00:00:00","2006-12-22T10:10:40",1,"rev"
"9300TOB","TOB","Tobermory Mull Ferry Terminal","","U",150845,755327,"2005-10-11T00:00:00","2006-12-22T10:10:40",2,"rev"
"9300TOF","TOF","Toft Shetland Ferry Terminal","","U",443712,1176169,"2005-10-11T00:00:00","2006-12-22T10:10:40",2,"rev"
"9300TOL","TOL","Tolverne Ferry Landing","","U",184552,40218,"2005-10-11T00:00:00","2006-12-22T10:10:40",1,"rev"
"9300TOR","TOR","Torquay - North Quay","","U",291736,63369,"2005-10-11T00:00:00","2008-08-22T09:09:10",2,"rev"
"9300TOT","TOT","Totnes Ferry Landing","","U",280644,60012,"2005-10-11T00:00:00","2006-12-22T10:10:40",1,"rev"
"9300TPT","TPT","Torpoint Ferry Terminal","","U",244163,55135,"2005-10-11T00:00:00","2006-12-22T10:10:40",1,"rev"
"9300TRE","TRE","Tiree Ferry Terminal","","U",104867,745462,"2005-10-11T00:00:00","2006-12-22T10:10:40",1,"rev"
"9300TRN","TRN","Troon Ferry Terminal","","U",230846,631647,"2005-10-11T00:00:00","2006-12-22T10:10:40",1,"rev"
"9300TSC","TSC","Tarbet (Scourie) Ferry Landing","","U",216357,948842,"2005-10-11T00:00:00","2010-09-06T16:59:45",2,"rev"
"9300TTL","TTL","Topsham (Turf Lock Ferry) Ferry Landing","","U",296535,87935,"2010-12-10T15:16:27","2010-12-10T15:16:27",0,"new"
"9300TUK","TUK","Tuckton Tea Gardens Ferry Landing","","U",414895,92249,"2005-10-11T00:00:00","2006-12-22T10:10:40",1,"rev"
"9300TVR","TVR","Torver (Coniston) Ferry Landing","","U",330175,495126,"2010-07-19T13:12:47","2010-07-19T13:12:47",0,"new"
"9300TWL","TWL","Tingwall Orkney Ferry Terminal","","U",340305,1022885,"2005-10-11T00:00:00","2006-12-22T10:10:40",2,"rev"
"9300TYL","TYL","Tayinloan Ferry Terminal","","U",169295,646555,"2005-10-11T00:00:00","2006-12-22T10:10:40",1,"rev"
"9300UFU","UFU","Ulva Ferry (Ulva) Ferry Landing","","U",144372,739777,"2010-12-10T15:14:09","2010-12-10T15:14:09",0,"new"
"9300UIG","UIG","Uig Skye Ferry Terminal","","U",138535,863585,"2005-10-11T00:00:00","2006-12-22T10:10:40",2,"rev"
"9300ULL","ULL","Ullapool Ferry Terminal","","U",212777,893880,"2005-10-11T00:00:00","2006-12-22T10:10:40",1,"rev"
"9300ULS","ULS","Ulsta Shetland Ferry Terminal","","U",446328,1179456,"2005-10-11T00:00:00","2006-12-22T10:10:40",2,"rev"
"9300ULV","ULV","Ulva Ferry (Mull) Ferry Landing","","U",144590,739896,"2005-10-11T00:00:00","2010-12-10T15:15:26",2,"rev"
"9300VID","VID","Vidlin Shetland Ferry Terminal","","U",448115,1165742,"2005-10-11T00:00:00","2006-12-22T10:10:40",2,"rev"
"9300WAL","WAL","Wallasea Island Ferry Landing","","U",593582,195281,"2005-10-11T00:00:00","2006-12-22T10:10:40",1,"rev"
"9300WAR","WAR","Warsash Ferry Landing","","U",448842,106412,"2005-10-11T00:00:00","2010-08-12T16:58:21",2,"rev"
"9300WAS","WAS","Woolwich Arsenal Pier","","U",543833,179390,"2007-06-18T11:41:04","2010-12-06T18:11:21",2,"rev"
"9300WAT","WAT","Waterhead Hotel (Coniston) Ferry Landing","","U",331144,497389,"2010-07-19T13:12:42","2010-07-19T13:12:42",0,"new"
"9300WBU","WBU","West Burrafirth Shetland Ferry Terminal","","U",425535,1156909,"2005-10-11T00:00:00","2006-12-22T10:10:40",2,"rev"
"9300WEY","WEY","Weymouth Ferry Terminal","","U",368360,78827,"2005-10-11T00:00:00","2006-12-22T10:10:40",1,"rev"
"9300WIC","WIC","Wick Christchurch Ferry Landing","","U",415570,92186,"2005-10-11T00:00:00","2006-12-22T10:10:40",1,"rev"
"9300WLB","WLB","Walberswick Ferry Landing","","U",650068,274970,"2005-10-11T00:00:00","2006-12-22T10:10:40",1,"rev"
"9300WLN","WLN","West Lynn Ferry Landing","","U",561323,320309,"2005-10-11T00:00:00","2008-10-07T09:12:08",2,"rev"
"9300WLS","WLS","Walls Shetland Ferry Terminal","","U",424011,1148907,"2005-10-11T00:00:00","2006-12-22T10:10:40",2,"rev"
"9300WMB","WMB","Wemyss Bay Ferry Terminal","","U",219250,668510,"2005-10-11T00:00:00","2006-12-22T10:10:40",1,"rev"
"9300WMP","WMP","London Eye Millennium Pier","","U",530620,179973,"2005-10-11T00:00:00","2010-12-06T18:11:21",3,"rev"
"9300WMR","WMR","Westminster Millennium Pier","","U",530327,179738,"2005-10-11T00:00:00","2010-12-06T18:11:21",1,"rev"
"9300WOO","WOO","Woodside Birkenhead Ferry Terminal","","U",332937,389150,"2005-10-11T00:00:00","2008-12-01T16:22:33",4,"rev"
"9300WPK","WPK","Water Park (Coniston) Ferry Landing","","U",329350,490442,"2010-07-19T13:13:06","2010-07-19T13:13:06",0,"new"
"9300WPT","WPT","Warren Point Ferry Landing","","U",253775,47755,"2005-10-11T00:00:00","2006-12-22T10:10:40",1,"rev"
"9300WRQ","WRQ","Wandsworth Riverside Quarter Pier","","U",525209,175293,"2007-06-18T11:40:33","2009-08-24T12:18:04",1,"rev"
"9300WSM","WSM","Weston-super-Mare Knightstone Harbour","","U",331220,161780,"2008-04-07T11:13:57","2008-04-07T11:13:57",0,"new"
"9300WWC","WWC","Woolwich Ferry North Pier","","U",543145,179660,"2005-10-11T00:00:00","2010-07-29T15:01:34",3,"rev"
"9300WWS","WWS","Woolwich Ferry South Pier","","U",543244,179374,"2005-10-11T00:00:00","2007-06-11T15:34:32",2,"rev"
"9300WYB","WYB","Weybridge Ferry Landing","","U",507504,165872,"2010-02-11T15:04:56","2010-02-11T15:04:56",0,"new"
"9300WYR","WYR","Wyre Orkney Ferry Terminal","","U",344430,1026850,"2005-10-11T00:00:00","2006-12-22T10:10:40",2,"rev"
"9300YMO","YMO","Yarmouth IOW Ferry Terminal","","U",435368,89752,"2005-10-11T00:00:00","2008-05-20T09:47:20",4,"rev"
"9300YOK","YOK","Yoker Ferry Terminal","","U",251167,668559,"2005-10-11T00:00:00","2006-12-22T10:10:40",1,"rev"
"9300YVZ","YVZ","Plymouth Stonehouse Ferry Terminal","","U",246160,53985,"2005-10-11T00:00:00","2006-12-22T10:10:40",1,"rev"
